"","nas","dans_dundaj","tsalin_dundaj"
"1","18-25",79326.560625,104444.375
"2","26-30",70567.9998728814,102833.261313559
"3","31-40",77317.766637744,99708.863362256
"4","41-60",84474.4328220859,104221.322392638
